date,ind,avgRET
31/03/2000,"Consumer NonDurables -- Food, Tobacco, Textiles, Apparel, Leather, Toys",-.077824295
31/03/2000,"Consumer Durables -- Cars, TV's, Furniture, Household Appliances",.014525229
31/03/2000,"Manufacturing -- Machinery, Trucks, Planes, Chemicals, Off Furn, Paper, Com Printing",-.074790679
31/03/2000,"Oil, Gas, and Coal Extraction and Products",.003979363
31/03/2000,"Business Equipment -- Computers, Software, and Electronic Equipment",.28234783
31/03/2000,Telephone and Television Transmission,.11939517
31/03/2000,"Wholesale, Retail, and Some Services (Laundries, Repair Shops)",-.031391174
31/03/2000,"Healthcare, Medical Equipment, and Drugs",.087968297
31/03/2000,Utilities,-.04744846
31/03/2000,"Other -- Mines, Constr, BldMt, Trans, Hotels, Bus Serv, Entertainment, Finance",-.0066254218
30/06/2000,"Consumer NonDurables -- Food, Tobacco, Textiles, Apparel, Leather, Toys",.11520946
30/06/2000,"Consumer Durables -- Cars, TV's, Furniture, Household Appliances",-.092102133
30/06/2000,"Manufacturing -- Machinery, Trucks, Planes, Chemicals, Off Furn, Paper, Com Printing",.035564985
30/06/2000,"Oil, Gas, and Coal Extraction and Products",.097362183
30/06/2000,"Business Equipment -- Computers, Software, and Electronic Equipment",.011076063
30/06/2000,Telephone and Television Transmission,-.12702255
30/06/2000,"Wholesale, Retail, and Some Services (Laundries, Repair Shops)",.013520776
30/06/2000,"Healthcare, Medical Equipment, and Drugs",.22537266
30/06/2000,Utilities,.094967261
30/06/2000,"Other -- Mines, Constr, BldMt, Trans, Hotels, Bus Serv, Entertainment, Finance",.011860654
30/09/2000,"Consumer NonDurables -- Food, Tobacco, Textiles, Apparel, Leather, Toys",.011079215
30/09/2000,"Consumer Durables -- Cars, TV's, Furniture, Household Appliances",.021535387
30/09/2000,"Manufacturing -- Machinery, Trucks, Planes, Chemicals, Off Furn, Paper, Com Printing",.0033832986
30/09/2000,"Oil, Gas, and Coal Extraction and Products",.015814533
30/09/2000,"Business Equipment -- Computers, Software, and Electronic Equipment",-.044917811
30/09/2000,Telephone and Television Transmission,-.14651346
30/09/2000,"Wholesale, Retail, and Some Services (Laundries, Repair Shops)",-.0064191353
30/09/2000,"Healthcare, Medical Equipment, and Drugs",.054812305
30/09/2000,Utilities,.098741278
30/09/2000,"Other -- Mines, Constr, BldMt, Trans, Hotels, Bus Serv, Entertainment, Finance",.13141485
31/12/2000,"Consumer NonDurables -- Food, Tobacco, Textiles, Apparel, Leather, Toys",.1697346
31/12/2000,"Consumer Durables -- Cars, TV's, Furniture, Household Appliances",-.090046488
31/12/2000,"Manufacturing -- Machinery, Trucks, Planes, Chemicals, Off Furn, Paper, Com Printing",-.016916128
31/12/2000,"Oil, Gas, and Coal Extraction and Products",.091317259
31/12/2000,"Business Equipment -- Computers, Software, and Electronic Equipment",-.19603245
31/12/2000,Telephone and Television Transmission,-.092482895
31/12/2000,"Wholesale, Retail, and Some Services (Laundries, Repair Shops)",.078394912
31/12/2000,"Healthcare, Medical Equipment, and Drugs",.046829131
31/12/2000,Utilities,.089329556
31/12/2000,"Other -- Mines, Constr, BldMt, Trans, Hotels, Bus Serv, Entertainment, Finance",.061320335
31/03/2001,"Consumer NonDurables -- Food, Tobacco, Textiles, Apparel, Leather, Toys",-.074063964
31/03/2001,"Consumer Durables -- Cars, TV's, Furniture, Household Appliances",.068791486
31/03/2001,"Manufacturing -- Machinery, Trucks, Planes, Chemicals, Off Furn, Paper, Com Printing",.02248729
31/03/2001,"Oil, Gas, and Coal Extraction and Products",-.044569515
31/03/2001,"Business Equipment -- Computers, Software, and Electronic Equipment",-.12123543
31/03/2001,Telephone and Television Transmission,-.05990696
31/03/2001,"Wholesale, Retail, and Some Services (Laundries, Repair Shops)",.0066920281
31/03/2001,"Healthcare, Medical Equipment, and Drugs",-.11272569
31/03/2001,Utilities,-.022189438
31/03/2001,"Other -- Mines, Constr, BldMt, Trans, Hotels, Bus Serv, Entertainment, Finance",-.073318154
30/06/2001,"Consumer NonDurables -- Food, Tobacco, Textiles, Apparel, Leather, Toys",.073663726
30/06/2001,"Consumer Durables -- Cars, TV's, Furniture, Household Appliances",.075818129
30/06/2001,"Manufacturing -- Machinery, Trucks, Planes, Chemicals, Off Furn, Paper, Com Printing",.09416303
30/06/2001,"Oil, Gas, and Coal Extraction and Products",.055957545
30/06/2001,"Business Equipment -- Computers, Software, and Electronic Equipment",.18507768
30/06/2001,Telephone and Television Transmission,.016348667
30/06/2001,"Wholesale, Retail, and Some Services (Laundries, Repair Shops)",.10560384
30/06/2001,"Healthcare, Medical Equipment, and Drugs",.072606295
30/06/2001,Utilities,-.0012821088
30/06/2001,"Other -- Mines, Constr, BldMt, Trans, Hotels, Bus Serv, Entertainment, Finance",.095543653
30/09/2001,"Consumer NonDurables -- Food, Tobacco, Textiles, Apparel, Leather, Toys",-.018332629
30/09/2001,"Consumer Durables -- Cars, TV's, Furniture, Household Appliances",-.26892731
30/09/2001,"Manufacturing -- Machinery, Trucks, Planes, Chemicals, Off Furn, Paper, Com Printing",-.1827565
30/09/2001,"Oil, Gas, and Coal Extraction and Products",-.077678747
30/09/2001,"Business Equipment -- Computers, Software, and Electronic Equipment",-.29811737
30/09/2001,Telephone and Television Transmission,-.1495035
30/09/2001,"Wholesale, Retail, and Some Services (Laundries, Repair Shops)",-.06599167
30/09/2001,"Healthcare, Medical Equipment, and Drugs",-.013632533
30/09/2001,Utilities,-.14364842
30/09/2001,"Other -- Mines, Constr, BldMt, Trans, Hotels, Bus Serv, Entertainment, Finance",-.12486055
31/12/2001,"Consumer NonDurables -- Food, Tobacco, Textiles, Apparel, Leather, Toys",.080472603
31/12/2001,"Consumer Durables -- Cars, TV's, Furniture, Household Appliances",.18344781
31/12/2001,"Manufacturing -- Machinery, Trucks, Planes, Chemicals, Off Furn, Paper, Com Printing",.12371416
31/12/2001,"Oil, Gas, and Coal Extraction and Products",.016030513
31/12/2001,"Business Equipment -- Computers, Software, and Electronic Equipment",.42868328
31/12/2001,Telephone and Television Transmission,.14378138
31/12/2001,"Wholesale, Retail, and Some Services (Laundries, Repair Shops)",.21921609
31/12/2001,"Healthcare, Medical Equipment, and Drugs",.025216814
31/12/2001,Utilities,.078972466
31/12/2001,"Other -- Mines, Constr, BldMt, Trans, Hotels, Bus Serv, Entertainment, Finance",.12700725
31/03/2002,"Consumer NonDurables -- Food, Tobacco, Textiles, Apparel, Leather, Toys",.09487357
31/03/2002,"Consumer Durables -- Cars, TV's, Furniture, Household Appliances",.12378439
31/03/2002,"Manufacturing -- Machinery, Trucks, Planes, Chemicals, Off Furn, Paper, Com Printing",.092471115
31/03/2002,"Oil, Gas, and Coal Extraction and Products",.13293216
31/03/2002,"Business Equipment -- Computers, Software, and Electronic Equipment",-.031348802
31/03/2002,Telephone and Television Transmission,.0036136932
31/03/2002,"Wholesale, Retail, and Some Services (Laundries, Repair Shops)",.072622217
31/03/2002,"Healthcare, Medical Equipment, and Drugs",-.001754478
31/03/2002,Utilities,.016561372
31/03/2002,"Other -- Mines, Constr, BldMt, Trans, Hotels, Bus Serv, Entertainment, Finance",.062238093
30/06/2002,"Consumer NonDurables -- Food, Tobacco, Textiles, Apparel, Leather, Toys",.038914327
30/06/2002,"Consumer Durables -- Cars, TV's, Furniture, Household Appliances",-.050900072
30/06/2002,"Manufacturing -- Machinery, Trucks, Planes, Chemicals, Off Furn, Paper, Com Printing",-.054653082
30/06/2002,"Oil, Gas, and Coal Extraction and Products",.038841147
30/06/2002,"Business Equipment -- Computers, Software, and Electronic Equipment",-.19058724
30/06/2002,Telephone and Television Transmission,-.14720853
30/06/2002,"Wholesale, Retail, and Some Services (Laundries, Repair Shops)",-.095663503
30/06/2002,"Healthcare, Medical Equipment, and Drugs",-.1099063
30/06/2002,Utilities,-.017075386
30/06/2002,"Other -- Mines, Constr, BldMt, Trans, Hotels, Bus Serv, Entertainment, Finance",-.010332486
30/09/2002,"Consumer NonDurables -- Food, Tobacco, Textiles, Apparel, Leather, Toys",-.078315772
30/09/2002,"Consumer Durables -- Cars, TV's, Furniture, Household Appliances",-.13104424
30/09/2002,"Manufacturing -- Machinery, Trucks, Planes, Chemicals, Off Furn, Paper, Com Printing",-.1530541
30/09/2002,"Oil, Gas, and Coal Extraction and Products",-.13882072
30/09/2002,"Business Equipment -- Computers, Software, and Electronic Equipment",-.18846269
30/09/2002,Telephone and Television Transmission,-.14052936
30/09/2002,"Wholesale, Retail, and Some Services (Laundries, Repair Shops)",-.1295194
30/09/2002,"Healthcare, Medical Equipment, and Drugs",-.10313217
30/09/2002,Utilities,-.15091613
30/09/2002,"Other -- Mines, Constr, BldMt, Trans, Hotels, Bus Serv, Entertainment, Finance",-.15746939
31/12/2002,"Consumer NonDurables -- Food, Tobacco, Textiles, Apparel, Leather, Toys",.019942818
31/12/2002,"Consumer Durables -- Cars, TV's, Furniture, Household Appliances",.08302746
31/12/2002,"Manufacturing -- Machinery, Trucks, Planes, Chemicals, Off Furn, Paper, Com Printing",.046521962
31/12/2002,"Oil, Gas, and Coal Extraction and Products",.072697766
31/12/2002,"Business Equipment -- Computers, Software, and Electronic Equipment",.27163255
31/12/2002,Telephone and Television Transmission,.18252048
31/12/2002,"Wholesale, Retail, and Some Services (Laundries, Repair Shops)",.015515224
31/12/2002,"Healthcare, Medical Equipment, and Drugs",.052785549
31/12/2002,Utilities,.079621926
31/12/2002,"Other -- Mines, Constr, BldMt, Trans, Hotels, Bus Serv, Entertainment, Finance",.075992934
31/03/2003,"Consumer NonDurables -- Food, Tobacco, Textiles, Apparel, Leather, Toys",-.048395488
31/03/2003,"Consumer Durables -- Cars, TV's, Furniture, Household Appliances",-.0029324293
31/03/2003,"Manufacturing -- Machinery, Trucks, Planes, Chemicals, Off Furn, Paper, Com Printing",-.0356001
31/03/2003,"Oil, Gas, and Coal Extraction and Products",-.029080639
31/03/2003,"Business Equipment -- Computers, Software, and Electronic Equipment",.032272588
31/03/2003,Telephone and Television Transmission,-.031661209
31/03/2003,"Wholesale, Retail, and Some Services (Laundries, Repair Shops)",.000049103543
31/03/2003,"Healthcare, Medical Equipment, and Drugs",-.0045444686
31/03/2003,Utilities,.03851201
31/03/2003,"Other -- Mines, Constr, BldMt, Trans, Hotels, Bus Serv, Entertainment, Finance",-.021654315
30/06/2003,"Consumer NonDurables -- Food, Tobacco, Textiles, Apparel, Leather, Toys",.11037509
30/06/2003,"Consumer Durables -- Cars, TV's, Furniture, Household Appliances",.21970053
30/06/2003,"Manufacturing -- Machinery, Trucks, Planes, Chemicals, Off Furn, Paper, Com Printing",.17730117
30/06/2003,"Oil, Gas, and Coal Extraction and Products",.14825211
30/06/2003,"Business Equipment -- Computers, Software, and Electronic Equipment",.33595842
30/06/2003,Telephone and Television Transmission,.29577959
30/06/2003,"Wholesale, Retail, and Some Services (Laundries, Repair Shops)",.1859951
30/06/2003,"Healthcare, Medical Equipment, and Drugs",.20700383
30/06/2003,Utilities,.21039549
30/06/2003,"Other -- Mines, Constr, BldMt, Trans, Hotels, Bus Serv, Entertainment, Finance",.22804417
30/09/2003,"Consumer NonDurables -- Food, Tobacco, Textiles, Apparel, Leather, Toys",.021336773
30/09/2003,"Consumer Durables -- Cars, TV's, Furniture, Household Appliances",.13402623
30/09/2003,"Manufacturing -- Machinery, Trucks, Planes, Chemicals, Off Furn, Paper, Com Printing",.13314794
30/09/2003,"Oil, Gas, and Coal Extraction and Products",.032534134
30/09/2003,"Business Equipment -- Computers, Software, and Electronic Equipment",.17922783
30/09/2003,Telephone and Television Transmission,.046182327
30/09/2003,"Wholesale, Retail, and Some Services (Laundries, Repair Shops)",.12834242
30/09/2003,"Healthcare, Medical Equipment, and Drugs",.022550985
30/09/2003,Utilities,.065304846
30/09/2003,"Other -- Mines, Constr, BldMt, Trans, Hotels, Bus Serv, Entertainment, Finance",.094618246
31/12/2003,"Consumer NonDurables -- Food, Tobacco, Textiles, Apparel, Leather, Toys",.14634699
31/12/2003,"Consumer Durables -- Cars, TV's, Furniture, Household Appliances",.2722061
31/12/2003,"Manufacturing -- Machinery, Trucks, Planes, Chemicals, Off Furn, Paper, Com Printing",.23382124
31/12/2003,"Oil, Gas, and Coal Extraction and Products",.20856625
31/12/2003,"Business Equipment -- Computers, Software, and Electronic Equipment",.14671373
31/12/2003,Telephone and Television Transmission,.18875688
31/12/2003,"Wholesale, Retail, and Some Services (Laundries, Repair Shops)",.092064269
31/12/2003,"Healthcare, Medical Equipment, and Drugs",.14847659
31/12/2003,Utilities,.13987085
31/12/2003,"Other -- Mines, Constr, BldMt, Trans, Hotels, Bus Serv, Entertainment, Finance",.22523177
31/03/2004,"Consumer NonDurables -- Food, Tobacco, Textiles, Apparel, Leather, Toys",.062029503
31/03/2004,"Consumer Durables -- Cars, TV's, Furniture, Household Appliances",-.030362425
31/03/2004,"Manufacturing -- Machinery, Trucks, Planes, Chemicals, Off Furn, Paper, Com Printing",.024886576
31/03/2004,"Oil, Gas, and Coal Extraction and Products",.054418124
31/03/2004,"Business Equipment -- Computers, Software, and Electronic Equipment",.017766429
31/03/2004,Telephone and Television Transmission,.016540237
31/03/2004,"Wholesale, Retail, and Some Services (Laundries, Repair Shops)",.060660575
31/03/2004,"Healthcare, Medical Equipment, and Drugs",.043136809
31/03/2004,Utilities,.047707289
31/03/2004,"Other -- Mines, Constr, BldMt, Trans, Hotels, Bus Serv, Entertainment, Finance",.056551646
30/06/2004,"Consumer NonDurables -- Food, Tobacco, Textiles, Apparel, Leather, Toys",.022276247
30/06/2004,"Consumer Durables -- Cars, TV's, Furniture, Household Appliances",.090624012
30/06/2004,"Manufacturing -- Machinery, Trucks, Planes, Chemicals, Off Furn, Paper, Com Printing",.072209977
30/06/2004,"Oil, Gas, and Coal Extraction and Products",.084873818
30/06/2004,"Business Equipment -- Computers, Software, and Electronic Equipment",.044254702
30/06/2004,Telephone and Television Transmission,-.019312456
30/06/2004,"Wholesale, Retail, and Some Services (Laundries, Repair Shops)",.010408903
30/06/2004,"Healthcare, Medical Equipment, and Drugs",.028927268
30/06/2004,Utilities,.010633917
30/06/2004,"Other -- Mines, Constr, BldMt, Trans, Hotels, Bus Serv, Entertainment, Finance",-.0027631994
30/09/2004,"Consumer NonDurables -- Food, Tobacco, Textiles, Apparel, Leather, Toys",-.066388972
30/09/2004,"Consumer Durables -- Cars, TV's, Furniture, Household Appliances",-.046007134
30/09/2004,"Manufacturing -- Machinery, Trucks, Planes, Chemicals, Off Furn, Paper, Com Printing",.014393413
30/09/2004,"Oil, Gas, and Coal Extraction and Products",.11794306
30/09/2004,"Business Equipment -- Computers, Software, and Electronic Equipment",-.072991297
30/09/2004,Telephone and Television Transmission,.023473719
30/09/2004,"Wholesale, Retail, and Some Services (Laundries, Repair Shops)",.0059420983
30/09/2004,"Healthcare, Medical Equipment, and Drugs",-.050394762
30/09/2004,Utilities,.064952359
30/09/2004,"Other -- Mines, Constr, BldMt, Trans, Hotels, Bus Serv, Entertainment, Finance",.030430354
31/12/2004,"Consumer NonDurables -- Food, Tobacco, Textiles, Apparel, Leather, Toys",.096762143
31/12/2004,"Consumer Durables -- Cars, TV's, Furniture, Household Appliances",.10764683
31/12/2004,"Manufacturing -- Machinery, Trucks, Planes, Chemicals, Off Furn, Paper, Com Printing",.10378656
31/12/2004,"Oil, Gas, and Coal Extraction and Products",.058939904
31/12/2004,"Business Equipment -- Computers, Software, and Electronic Equipment",.16216165
31/12/2004,Telephone and Television Transmission,.16350067
31/12/2004,"Wholesale, Retail, and Some Services (Laundries, Repair Shops)",.11450253
31/12/2004,"Healthcare, Medical Equipment, and Drugs",.058659021
31/12/2004,Utilities,.13334498
31/12/2004,"Other -- Mines, Constr, BldMt, Trans, Hotels, Bus Serv, Entertainment, Finance",.12780499
31/03/2005,"Consumer NonDurables -- Food, Tobacco, Textiles, Apparel, Leather, Toys",.023107238
31/03/2005,"Consumer Durables -- Cars, TV's, Furniture, Household Appliances",-.092603251
31/03/2005,"Manufacturing -- Machinery, Trucks, Planes, Chemicals, Off Furn, Paper, Com Printing",.012127221
31/03/2005,"Oil, Gas, and Coal Extraction and Products",.19168714
31/03/2005,"Business Equipment -- Computers, Software, and Electronic Equipment",-.055474166
31/03/2005,Telephone and Television Transmission,-.040006395
31/03/2005,"Wholesale, Retail, and Some Services (Laundries, Repair Shops)",.0050518
31/03/2005,"Healthcare, Medical Equipment, and Drugs",-.015978506
31/03/2005,Utilities,.049334902
31/03/2005,"Other -- Mines, Constr, BldMt, Trans, Hotels, Bus Serv, Entertainment, Finance",-.027248679
30/06/2005,"Consumer NonDurables -- Food, Tobacco, Textiles, Apparel, Leather, Toys",.0093752369
30/06/2005,"Consumer Durables -- Cars, TV's, Furniture, Household Appliances",.0046174093
30/06/2005,"Manufacturing -- Machinery, Trucks, Planes, Chemicals, Off Furn, Paper, Com Printing",-.012828671
30/06/2005,"Oil, Gas, and Coal Extraction and Products",.044279281
30/06/2005,"Business Equipment -- Computers, Software, and Electronic Equipment",.021644779
30/06/2005,Telephone and Television Transmission,.014982662
30/06/2005,"Wholesale, Retail, and Some Services (Laundries, Repair Shops)",.025207439
30/06/2005,"Healthcare, Medical Equipment, and Drugs",.098807946
30/06/2005,Utilities,.097154997
30/06/2005,"Other -- Mines, Constr, BldMt, Trans, Hotels, Bus Serv, Entertainment, Finance",.041852426
30/09/2005,"Consumer NonDurables -- Food, Tobacco, Textiles, Apparel, Leather, Toys",.050675433
30/09/2005,"Consumer Durables -- Cars, TV's, Furniture, Household Appliances",.15648538
30/09/2005,"Manufacturing -- Machinery, Trucks, Planes, Chemicals, Off Furn, Paper, Com Printing",.11869685
30/09/2005,"Oil, Gas, and Coal Extraction and Products",.20079291
30/09/2005,"Business Equipment -- Computers, Software, and Electronic Equipment",.094462879
30/09/2005,Telephone and Television Transmission,.13870643
30/09/2005,"Wholesale, Retail, and Some Services (Laundries, Repair Shops)",-.0027941442
30/09/2005,"Healthcare, Medical Equipment, and Drugs",.063300066
30/09/2005,Utilities,.19497161
30/09/2005,"Other -- Mines, Constr, BldMt, Trans, Hotels, Bus Serv, Entertainment, Finance",.20653313
31/12/2005,"Consumer NonDurables -- Food, Tobacco, Textiles, Apparel, Leather, Toys",-.0021523458
31/12/2005,"Consumer Durables -- Cars, TV's, Furniture, Household Appliances",.063499808
31/12/2005,"Manufacturing -- Machinery, Trucks, Planes, Chemicals, Off Furn, Paper, Com Printing",.04904902
31/12/2005,"Oil, Gas, and Coal Extraction and Products",-.039320342
31/12/2005,"Business Equipment -- Computers, Software, and Electronic Equipment",.021750608
31/12/2005,Telephone and Television Transmission,.022095814
31/12/2005,"Wholesale, Retail, and Some Services (Laundries, Repair Shops)",.030556874
31/12/2005,"Healthcare, Medical Equipment, and Drugs",.032608487
31/12/2005,Utilities,-.018452004
31/12/2005,"Other -- Mines, Constr, BldMt, Trans, Hotels, Bus Serv, Entertainment, Finance",.029286072
31/03/2006,"Consumer NonDurables -- Food, Tobacco, Textiles, Apparel, Leather, Toys",.062523901
31/03/2006,"Consumer Durables -- Cars, TV's, Furniture, Household Appliances",.1155868
31/03/2006,"Manufacturing -- Machinery, Trucks, Planes, Chemicals, Off Furn, Paper, Com Printing",.1290431
31/03/2006,"Oil, Gas, and Coal Extraction and Products",.16432843
31/03/2006,"Business Equipment -- Computers, Software, and Electronic Equipment",.13066541
31/03/2006,Telephone and Television Transmission,.074846596
31/03/2006,"Wholesale, Retail, and Some Services (Laundries, Repair Shops)",.058966294
31/03/2006,"Healthcare, Medical Equipment, and Drugs",.04130305
31/03/2006,Utilities,.19127455
31/03/2006,"Other -- Mines, Constr, BldMt, Trans, Hotels, Bus Serv, Entertainment, Finance",.0579569
30/06/2006,"Consumer NonDurables -- Food, Tobacco, Textiles, Apparel, Leather, Toys",.037164535
30/06/2006,"Consumer Durables -- Cars, TV's, Furniture, Household Appliances",-.009594555
30/06/2006,"Manufacturing -- Machinery, Trucks, Planes, Chemicals, Off Furn, Paper, Com Printing",-.019187737
30/06/2006,"Oil, Gas, and Coal Extraction and Products",.03558711
30/06/2006,"Business Equipment -- Computers, Software, and Electronic Equipment",-.055925816
30/06/2006,Telephone and Television Transmission,.021878606
30/06/2006,"Wholesale, Retail, and Some Services (Laundries, Repair Shops)",-.030742073
30/06/2006,"Healthcare, Medical Equipment, and Drugs",-.02449826
30/06/2006,Utilities,.0084830234
30/06/2006,"Other -- Mines, Constr, BldMt, Trans, Hotels, Bus Serv, Entertainment, Finance",-.0089932503
30/09/2006,"Consumer NonDurables -- Food, Tobacco, Textiles, Apparel, Leather, Toys",.063501328
30/09/2006,"Consumer Durables -- Cars, TV's, Furniture, Household Appliances",.04096707
30/09/2006,"Manufacturing -- Machinery, Trucks, Planes, Chemicals, Off Furn, Paper, Com Printing",.020758603
30/09/2006,"Oil, Gas, and Coal Extraction and Products",.02479931
30/09/2006,"Business Equipment -- Computers, Software, and Electronic Equipment",.07153517
30/09/2006,Telephone and Television Transmission,.14636402
30/09/2006,"Wholesale, Retail, and Some Services (Laundries, Repair Shops)",.053952813
30/09/2006,"Healthcare, Medical Equipment, and Drugs",.070234857
30/09/2006,Utilities,.17432709
30/09/2006,"Other -- Mines, Constr, BldMt, Trans, Hotels, Bus Serv, Entertainment, Finance",.087999456
31/12/2006,"Consumer NonDurables -- Food, Tobacco, Textiles, Apparel, Leather, Toys",.10082766
31/12/2006,"Consumer Durables -- Cars, TV's, Furniture, Household Appliances",.17204627
31/12/2006,"Manufacturing -- Machinery, Trucks, Planes, Chemicals, Off Furn, Paper, Com Printing",.11369739
31/12/2006,"Oil, Gas, and Coal Extraction and Products",.20795986
31/12/2006,"Business Equipment -- Computers, Software, and Electronic Equipment",.14120553
31/12/2006,Telephone and Television Transmission,.21784721
31/12/2006,"Wholesale, Retail, and Some Services (Laundries, Repair Shops)",.059343915
31/12/2006,"Healthcare, Medical Equipment, and Drugs",.016228456
31/12/2006,Utilities,.10232702
31/12/2006,"Other -- Mines, Constr, BldMt, Trans, Hotels, Bus Serv, Entertainment, Finance",.14589922
31/03/2007,"Consumer NonDurables -- Food, Tobacco, Textiles, Apparel, Leather, Toys",.062749013
31/03/2007,"Consumer Durables -- Cars, TV's, Furniture, Household Appliances",.024642207
31/03/2007,"Manufacturing -- Machinery, Trucks, Planes, Chemicals, Off Furn, Paper, Com Printing",.053151339
31/03/2007,"Oil, Gas, and Coal Extraction and Products",-.07561285
31/03/2007,"Business Equipment -- Computers, Software, and Electronic Equipment",.040076114
31/03/2007,Telephone and Television Transmission,.032853942
31/03/2007,"Wholesale, Retail, and Some Services (Laundries, Repair Shops)",.039325416
31/03/2007,"Healthcare, Medical Equipment, and Drugs",.045016784
31/03/2007,Utilities,.056603089
31/03/2007,"Other -- Mines, Constr, BldMt, Trans, Hotels, Bus Serv, Entertainment, Finance",.027894545
30/06/2007,"Consumer NonDurables -- Food, Tobacco, Textiles, Apparel, Leather, Toys",.069345303
30/06/2007,"Consumer Durables -- Cars, TV's, Furniture, Household Appliances",.055734355
30/06/2007,"Manufacturing -- Machinery, Trucks, Planes, Chemicals, Off Furn, Paper, Com Printing",.10546939
30/06/2007,"Oil, Gas, and Coal Extraction and Products",.28121868
30/06/2007,"Business Equipment -- Computers, Software, and Electronic Equipment",.10793034
30/06/2007,Telephone and Television Transmission,.16383271
30/06/2007,"Wholesale, Retail, and Some Services (Laundries, Repair Shops)",.10305498
30/06/2007,"Healthcare, Medical Equipment, and Drugs",.038865991
30/06/2007,Utilities,.1616217
30/06/2007,"Other -- Mines, Constr, BldMt, Trans, Hotels, Bus Serv, Entertainment, Finance",.077748396
30/09/2007,"Consumer NonDurables -- Food, Tobacco, Textiles, Apparel, Leather, Toys",.041534599
30/09/2007,"Consumer Durables -- Cars, TV's, Furniture, Household Appliances",-.030034794
30/09/2007,"Manufacturing -- Machinery, Trucks, Planes, Chemicals, Off Furn, Paper, Com Printing",.056767084
30/09/2007,"Oil, Gas, and Coal Extraction and Products",.27694979
30/09/2007,"Business Equipment -- Computers, Software, and Electronic Equipment",.086094178
30/09/2007,Telephone and Television Transmission,.16580878
30/09/2007,"Wholesale, Retail, and Some Services (Laundries, Repair Shops)",-.023783706
30/09/2007,"Healthcare, Medical Equipment, and Drugs",.022486866
30/09/2007,Utilities,-.026322678
30/09/2007,"Other -- Mines, Constr, BldMt, Trans, Hotels, Bus Serv, Entertainment, Finance",.070374623
31/12/2007,"Consumer NonDurables -- Food, Tobacco, Textiles, Apparel, Leather, Toys",.040899973
31/12/2007,"Consumer Durables -- Cars, TV's, Furniture, Household Appliances",-.038788185
31/12/2007,"Manufacturing -- Machinery, Trucks, Planes, Chemicals, Off Furn, Paper, Com Printing",-.0081708897
31/12/2007,"Oil, Gas, and Coal Extraction and Products",.038909979
31/12/2007,"Business Equipment -- Computers, Software, and Electronic Equipment",-.048083879
31/12/2007,Telephone and Television Transmission,.047520932
31/12/2007,"Wholesale, Retail, and Some Services (Laundries, Repair Shops)",.00099285599
31/12/2007,"Healthcare, Medical Equipment, and Drugs",-.020407049
31/12/2007,Utilities,-.0124476
31/12/2007,"Other -- Mines, Constr, BldMt, Trans, Hotels, Bus Serv, Entertainment, Finance",-.026752658
31/03/2008,"Consumer NonDurables -- Food, Tobacco, Textiles, Apparel, Leather, Toys",-.034064133
31/03/2008,"Consumer Durables -- Cars, TV's, Furniture, Household Appliances",-.089708418
31/03/2008,"Manufacturing -- Machinery, Trucks, Planes, Chemicals, Off Furn, Paper, Com Printing",-.053836845
31/03/2008,"Oil, Gas, and Coal Extraction and Products",-.17849401
31/03/2008,"Business Equipment -- Computers, Software, and Electronic Equipment",-.084626861
31/03/2008,Telephone and Television Transmission,-.098774977
31/03/2008,"Wholesale, Retail, and Some Services (Laundries, Repair Shops)",-.027982045
31/03/2008,"Healthcare, Medical Equipment, and Drugs",-.063292444
31/03/2008,Utilities,.035688661
31/03/2008,"Other -- Mines, Constr, BldMt, Trans, Hotels, Bus Serv, Entertainment, Finance",.015725829
30/06/2008,"Consumer NonDurables -- Food, Tobacco, Textiles, Apparel, Leather, Toys",-.062757209
30/06/2008,"Consumer Durables -- Cars, TV's, Furniture, Household Appliances",-.052576501
30/06/2008,"Manufacturing -- Machinery, Trucks, Planes, Chemicals, Off Furn, Paper, Com Printing",-.0080433851
30/06/2008,"Oil, Gas, and Coal Extraction and Products",.15307422
30/06/2008,"Business Equipment -- Computers, Software, and Electronic Equipment",-.021387478
30/06/2008,Telephone and Television Transmission,-.073910832
30/06/2008,"Wholesale, Retail, and Some Services (Laundries, Repair Shops)",-.022712408
30/06/2008,"Healthcare, Medical Equipment, and Drugs",.02080144
30/06/2008,Utilities,-.02987124
30/06/2008,"Other -- Mines, Constr, BldMt, Trans, Hotels, Bus Serv, Entertainment, Finance",-.10630685
30/09/2008,"Consumer NonDurables -- Food, Tobacco, Textiles, Apparel, Leather, Toys",.0011534501
30/09/2008,"Consumer Durables -- Cars, TV's, Furniture, Household Appliances",-.10417373
30/09/2008,"Manufacturing -- Machinery, Trucks, Planes, Chemicals, Off Furn, Paper, Com Printing",-.10342605
30/09/2008,"Oil, Gas, and Coal Extraction and Products",-.25977099
30/09/2008,"Business Equipment -- Computers, Software, and Electronic Equipment",-.09559048
30/09/2008,Telephone and Television Transmission,-.15409619
30/09/2008,"Wholesale, Retail, and Some Services (Laundries, Repair Shops)",.024232317
30/09/2008,"Healthcare, Medical Equipment, and Drugs",.0050961636
30/09/2008,Utilities,-.032532047
30/09/2008,"Other -- Mines, Constr, BldMt, Trans, Hotels, Bus Serv, Entertainment, Finance",-.045871075
31/12/2008,"Consumer NonDurables -- Food, Tobacco, Textiles, Apparel, Leather, Toys",-.14742182
31/12/2008,"Consumer Durables -- Cars, TV's, Furniture, Household Appliances",-.27684796
31/12/2008,"Manufacturing -- Machinery, Trucks, Planes, Chemicals, Off Furn, Paper, Com Printing",-.23754025
31/12/2008,"Oil, Gas, and Coal Extraction and Products",-.15730232
31/12/2008,"Business Equipment -- Computers, Software, and Electronic Equipment",-.19643681
31/12/2008,Telephone and Television Transmission,-.11387888
31/12/2008,"Wholesale, Retail, and Some Services (Laundries, Repair Shops)",-.11013576
31/12/2008,"Healthcare, Medical Equipment, and Drugs",-.10194673
31/12/2008,Utilities,-.16698802
31/12/2008,"Other -- Mines, Constr, BldMt, Trans, Hotels, Bus Serv, Entertainment, Finance",-.20270683
31/03/2009,"Consumer NonDurables -- Food, Tobacco, Textiles, Apparel, Leather, Toys",-.085405655
31/03/2009,"Consumer Durables -- Cars, TV's, Furniture, Household Appliances",-.022138678
31/03/2009,"Manufacturing -- Machinery, Trucks, Planes, Chemicals, Off Furn, Paper, Com Printing",-.15067653
31/03/2009,"Oil, Gas, and Coal Extraction and Products",-.013952713
31/03/2009,"Business Equipment -- Computers, Software, and Electronic Equipment",.069109805
31/03/2009,Telephone and Television Transmission,-.14569093
31/03/2009,"Wholesale, Retail, and Some Services (Laundries, Repair Shops)",-.021598609
31/03/2009,"Healthcare, Medical Equipment, and Drugs",-.10443319
31/03/2009,Utilities,.067481883
31/03/2009,"Other -- Mines, Constr, BldMt, Trans, Hotels, Bus Serv, Entertainment, Finance",-.020952364
30/06/2009,"Consumer NonDurables -- Food, Tobacco, Textiles, Apparel, Leather, Toys",.2075543
30/06/2009,"Consumer Durables -- Cars, TV's, Furniture, Household Appliances",.32067344
30/06/2009,"Manufacturing -- Machinery, Trucks, Planes, Chemicals, Off Furn, Paper, Com Printing",.31458512
30/06/2009,"Oil, Gas, and Coal Extraction and Products",.27895737
30/06/2009,"Business Equipment -- Computers, Software, and Electronic Equipment",.27626169
30/06/2009,Telephone and Television Transmission,.25937361
30/06/2009,"Wholesale, Retail, and Some Services (Laundries, Repair Shops)",.11987194
30/06/2009,"Healthcare, Medical Equipment, and Drugs",.16972965
30/06/2009,Utilities,.24522868
30/06/2009,"Other -- Mines, Constr, BldMt, Trans, Hotels, Bus Serv, Entertainment, Finance",.37373343
30/09/2009,"Consumer NonDurables -- Food, Tobacco, Textiles, Apparel, Leather, Toys",.16918938
30/09/2009,"Consumer Durables -- Cars, TV's, Furniture, Household Appliances",.14350313
30/09/2009,"Manufacturing -- Machinery, Trucks, Planes, Chemicals, Off Furn, Paper, Com Printing",.24888122
30/09/2009,"Oil, Gas, and Coal Extraction and Products",.11744439
30/09/2009,"Business Equipment -- Computers, Software, and Electronic Equipment",.21620569
30/09/2009,Telephone and Television Transmission,.1262676
30/09/2009,"Wholesale, Retail, and Some Services (Laundries, Repair Shops)",.11022869
30/09/2009,"Healthcare, Medical Equipment, and Drugs",.1671796
30/09/2009,Utilities,.030813195
30/09/2009,"Other -- Mines, Constr, BldMt, Trans, Hotels, Bus Serv, Entertainment, Finance",.21576659
31/12/2009,"Consumer NonDurables -- Food, Tobacco, Textiles, Apparel, Leather, Toys",.07366994
31/12/2009,"Consumer Durables -- Cars, TV's, Furniture, Household Appliances",.093490623
31/12/2009,"Manufacturing -- Machinery, Trucks, Planes, Chemicals, Off Furn, Paper, Com Printing",.065333731
31/12/2009,"Oil, Gas, and Coal Extraction and Products",.086530752
31/12/2009,"Business Equipment -- Computers, Software, and Electronic Equipment",.11936083
31/12/2009,Telephone and Television Transmission,.036561113
31/12/2009,"Wholesale, Retail, and Some Services (Laundries, Repair Shops)",.081343018
31/12/2009,"Healthcare, Medical Equipment, and Drugs",.087131493
31/12/2009,Utilities,.14282273
31/12/2009,"Other -- Mines, Constr, BldMt, Trans, Hotels, Bus Serv, Entertainment, Finance",.10026964
31/03/2010,"Consumer NonDurables -- Food, Tobacco, Textiles, Apparel, Leather, Toys",.051113874
31/03/2010,"Consumer Durables -- Cars, TV's, Furniture, Household Appliances",.1151671
31/03/2010,"Manufacturing -- Machinery, Trucks, Planes, Chemicals, Off Furn, Paper, Com Printing",.090025723
31/03/2010,"Oil, Gas, and Coal Extraction and Products",-.0086269649
31/03/2010,"Business Equipment -- Computers, Software, and Electronic Equipment",.036681596
31/03/2010,Telephone and Television Transmission,-.011232848
31/03/2010,"Wholesale, Retail, and Some Services (Laundries, Repair Shops)",.085237734
31/03/2010,"Healthcare, Medical Equipment, and Drugs",.046833914
31/03/2010,Utilities,.02439066
31/03/2010,"Other -- Mines, Constr, BldMt, Trans, Hotels, Bus Serv, Entertainment, Finance",.084329814
30/06/2010,"Consumer NonDurables -- Food, Tobacco, Textiles, Apparel, Leather, Toys",-.070368797
30/06/2010,"Consumer Durables -- Cars, TV's, Furniture, Household Appliances",-.15067989
30/06/2010,"Manufacturing -- Machinery, Trucks, Planes, Chemicals, Off Furn, Paper, Com Printing",-.12966739
30/06/2010,"Oil, Gas, and Coal Extraction and Products",-.14435217
30/06/2010,"Business Equipment -- Computers, Software, and Electronic Equipment",-.094794214
30/06/2010,Telephone and Television Transmission,-.015333443
30/06/2010,"Wholesale, Retail, and Some Services (Laundries, Repair Shops)",-.092167556
30/06/2010,"Healthcare, Medical Equipment, and Drugs",-.094023474
30/06/2010,Utilities,-.037975118
30/06/2010,"Other -- Mines, Constr, BldMt, Trans, Hotels, Bus Serv, Entertainment, Finance",-.11957575
30/09/2010,"Consumer NonDurables -- Food, Tobacco, Textiles, Apparel, Leather, Toys",.14831069
30/09/2010,"Consumer Durables -- Cars, TV's, Furniture, Household Appliances",.17030077
30/09/2010,"Manufacturing -- Machinery, Trucks, Planes, Chemicals, Off Furn, Paper, Com Printing",.15585139
30/09/2010,"Oil, Gas, and Coal Extraction and Products",.15909061
30/09/2010,"Business Equipment -- Computers, Software, and Electronic Equipment",.17119788
30/09/2010,Telephone and Television Transmission,.16376226
30/09/2010,"Wholesale, Retail, and Some Services (Laundries, Repair Shops)",.11898472
30/09/2010,"Healthcare, Medical Equipment, and Drugs",.11565208
30/09/2010,Utilities,.12452805
30/09/2010,"Other -- Mines, Constr, BldMt, Trans, Hotels, Bus Serv, Entertainment, Finance",.14653304
31/12/2010,"Consumer NonDurables -- Food, Tobacco, Textiles, Apparel, Leather, Toys",.064430699
31/12/2010,"Consumer Durables -- Cars, TV's, Furniture, Household Appliances",.16559051
31/12/2010,"Manufacturing -- Machinery, Trucks, Planes, Chemicals, Off Furn, Paper, Com Printing",.15210176
31/12/2010,"Oil, Gas, and Coal Extraction and Products",.17345591
31/12/2010,"Business Equipment -- Computers, Software, and Electronic Equipment",.10980988
31/12/2010,Telephone and Television Transmission,.037818026
31/12/2010,"Wholesale, Retail, and Some Services (Laundries, Repair Shops)",.086815871
31/12/2010,"Healthcare, Medical Equipment, and Drugs",.049040608
31/12/2010,Utilities,.068070523
31/12/2010,"Other -- Mines, Constr, BldMt, Trans, Hotels, Bus Serv, Entertainment, Finance",.10757159
31/03/2011,"Consumer NonDurables -- Food, Tobacco, Textiles, Apparel, Leather, Toys",.055516679
31/03/2011,"Consumer Durables -- Cars, TV's, Furniture, Household Appliances",-.0023307065
31/03/2011,"Manufacturing -- Machinery, Trucks, Planes, Chemicals, Off Furn, Paper, Com Printing",.070307188
31/03/2011,"Oil, Gas, and Coal Extraction and Products",.13170055
31/03/2011,"Business Equipment -- Computers, Software, and Electronic Equipment",.064058669
31/03/2011,Telephone and Television Transmission,.0449875
31/03/2011,"Wholesale, Retail, and Some Services (Laundries, Repair Shops)",.026550932
31/03/2011,"Healthcare, Medical Equipment, and Drugs",.064612009
31/03/2011,Utilities,.064686887
31/03/2011,"Other -- Mines, Constr, BldMt, Trans, Hotels, Bus Serv, Entertainment, Finance",.046508767
30/06/2011,"Consumer NonDurables -- Food, Tobacco, Textiles, Apparel, Leather, Toys",.046564348
30/06/2011,"Consumer Durables -- Cars, TV's, Furniture, Household Appliances",-.002845126
30/06/2011,"Manufacturing -- Machinery, Trucks, Planes, Chemicals, Off Furn, Paper, Com Printing",.0056544705
30/06/2011,"Oil, Gas, and Coal Extraction and Products",-.041214265
30/06/2011,"Business Equipment -- Computers, Software, and Electronic Equipment",.014966554
30/06/2011,Telephone and Television Transmission,.029010862
30/06/2011,"Wholesale, Retail, and Some Services (Laundries, Repair Shops)",.061562192
30/06/2011,"Healthcare, Medical Equipment, and Drugs",.084847733
30/06/2011,Utilities,.044338465
30/06/2011,"Other -- Mines, Constr, BldMt, Trans, Hotels, Bus Serv, Entertainment, Finance",-.011634419
30/09/2011,"Consumer NonDurables -- Food, Tobacco, Textiles, Apparel, Leather, Toys",-.064292952
30/09/2011,"Consumer Durables -- Cars, TV's, Furniture, Household Appliances",-.25150555
30/09/2011,"Manufacturing -- Machinery, Trucks, Planes, Chemicals, Off Furn, Paper, Com Printing",-.18467353
30/09/2011,"Oil, Gas, and Coal Extraction and Products",-.19716613
30/09/2011,"Business Equipment -- Computers, Software, and Electronic Equipment",-.084706292
30/09/2011,Telephone and Television Transmission,-.087704957
30/09/2011,"Wholesale, Retail, and Some Services (Laundries, Repair Shops)",-.065052323
30/09/2011,"Healthcare, Medical Equipment, and Drugs",-.10653244
30/09/2011,Utilities,-.078855589
30/09/2011,"Other -- Mines, Constr, BldMt, Trans, Hotels, Bus Serv, Entertainment, Finance",-.17814596
31/12/2011,"Consumer NonDurables -- Food, Tobacco, Textiles, Apparel, Leather, Toys",.11265511
31/12/2011,"Consumer Durables -- Cars, TV's, Furniture, Household Appliances",.07277859
31/12/2011,"Manufacturing -- Machinery, Trucks, Planes, Chemicals, Off Furn, Paper, Com Printing",.15831994
31/12/2011,"Oil, Gas, and Coal Extraction and Products",.17656817
31/12/2011,"Business Equipment -- Computers, Software, and Electronic Equipment",.072521113
31/12/2011,Telephone and Television Transmission,.063101865
31/12/2011,"Wholesale, Retail, and Some Services (Laundries, Repair Shops)",.14333268
31/12/2011,"Healthcare, Medical Equipment, and Drugs",.12515733
31/12/2011,Utilities,.11691167
31/12/2011,"Other -- Mines, Constr, BldMt, Trans, Hotels, Bus Serv, Entertainment, Finance",.095237814
31/03/2012,"Consumer NonDurables -- Food, Tobacco, Textiles, Apparel, Leather, Toys",.093356766
31/03/2012,"Consumer Durables -- Cars, TV's, Furniture, Household Appliances",.26446417
31/03/2012,"Manufacturing -- Machinery, Trucks, Planes, Chemicals, Off Furn, Paper, Com Printing",.11901998
31/03/2012,"Oil, Gas, and Coal Extraction and Products",.069750115
31/03/2012,"Business Equipment -- Computers, Software, and Electronic Equipment",.23545624
31/03/2012,Telephone and Television Transmission,.074732915
31/03/2012,"Wholesale, Retail, and Some Services (Laundries, Repair Shops)",.12082554
31/03/2012,"Healthcare, Medical Equipment, and Drugs",.093582429
31/03/2012,Utilities,.043374397
31/03/2012,"Other -- Mines, Constr, BldMt, Trans, Hotels, Bus Serv, Entertainment, Finance",.15931162
30/06/2012,"Consumer NonDurables -- Food, Tobacco, Textiles, Apparel, Leather, Toys",.029304354
30/06/2012,"Consumer Durables -- Cars, TV's, Furniture, Household Appliances",-.13171518
30/06/2012,"Manufacturing -- Machinery, Trucks, Planes, Chemicals, Off Furn, Paper, Com Printing",-.049390107
30/06/2012,"Oil, Gas, and Coal Extraction and Products",-.067650393
30/06/2012,"Business Equipment -- Computers, Software, and Electronic Equipment",-.066403888
30/06/2012,Telephone and Television Transmission,.039221305
30/06/2012,"Wholesale, Retail, and Some Services (Laundries, Repair Shops)",.0085306494
30/06/2012,"Healthcare, Medical Equipment, and Drugs",.035184834
30/06/2012,Utilities,-.0067637833
30/06/2012,"Other -- Mines, Constr, BldMt, Trans, Hotels, Bus Serv, Entertainment, Finance",-.046732724
30/09/2012,"Consumer NonDurables -- Food, Tobacco, Textiles, Apparel, Leather, Toys",.042807229
30/09/2012,"Consumer Durables -- Cars, TV's, Furniture, Household Appliances",.032873318
30/09/2012,"Manufacturing -- Machinery, Trucks, Planes, Chemicals, Off Furn, Paper, Com Printing",.06884402
30/09/2012,"Oil, Gas, and Coal Extraction and Products",.096994318
30/09/2012,"Business Equipment -- Computers, Software, and Electronic Equipment",.066778578
30/09/2012,Telephone and Television Transmission,.075839274
30/09/2012,"Wholesale, Retail, and Some Services (Laundries, Repair Shops)",.059807416
30/09/2012,"Healthcare, Medical Equipment, and Drugs",.08919818
30/09/2012,Utilities,.041613184
30/09/2012,"Other -- Mines, Constr, BldMt, Trans, Hotels, Bus Serv, Entertainment, Finance",.071206242
31/12/2012,"Consumer NonDurables -- Food, Tobacco, Textiles, Apparel, Leather, Toys",.0099661667
31/12/2012,"Consumer Durables -- Cars, TV's, Furniture, Household Appliances",.15928124
31/12/2012,"Manufacturing -- Machinery, Trucks, Planes, Chemicals, Off Furn, Paper, Com Printing",.051562466
31/12/2012,"Oil, Gas, and Coal Extraction and Products",-.0021941734
31/12/2012,"Business Equipment -- Computers, Software, and Electronic Equipment",-.013743378
31/12/2012,Telephone and Television Transmission,.000097050455
31/12/2012,"Wholesale, Retail, and Some Services (Laundries, Repair Shops)",.0010569147
31/12/2012,"Healthcare, Medical Equipment, and Drugs",.0087672248
31/12/2012,Utilities,-.0083180461
31/12/2012,"Other -- Mines, Constr, BldMt, Trans, Hotels, Bus Serv, Entertainment, Finance",.067433983
31/03/2013,"Consumer NonDurables -- Food, Tobacco, Textiles, Apparel, Leather, Toys",.1350375
31/03/2013,"Consumer Durables -- Cars, TV's, Furniture, Household Appliances",.10361275
31/03/2013,"Manufacturing -- Machinery, Trucks, Planes, Chemicals, Off Furn, Paper, Com Printing",.11213627
31/03/2013,"Oil, Gas, and Coal Extraction and Products",.057256691
31/03/2013,"Business Equipment -- Computers, Software, and Electronic Equipment",.054318476
31/03/2013,Telephone and Television Transmission,.054187138
31/03/2013,"Wholesale, Retail, and Some Services (Laundries, Repair Shops)",.13418481
31/03/2013,"Healthcare, Medical Equipment, and Drugs",.14784764
31/03/2013,Utilities,.1198334
31/03/2013,"Other -- Mines, Constr, BldMt, Trans, Hotels, Bus Serv, Entertainment, Finance",.09436617
30/06/2013,"Consumer NonDurables -- Food, Tobacco, Textiles, Apparel, Leather, Toys",-.0060672942
30/06/2013,"Consumer Durables -- Cars, TV's, Furniture, Household Appliances",.11424851
30/06/2013,"Manufacturing -- Machinery, Trucks, Planes, Chemicals, Off Furn, Paper, Com Printing",.013430206
30/06/2013,"Oil, Gas, and Coal Extraction and Products",-.016844967
30/06/2013,"Business Equipment -- Computers, Software, and Electronic Equipment",.026283249
30/06/2013,Telephone and Television Transmission,.04124739
30/06/2013,"Wholesale, Retail, and Some Services (Laundries, Repair Shops)",.058363236
30/06/2013,"Healthcare, Medical Equipment, and Drugs",.029429508
30/06/2013,Utilities,-.021207035
30/06/2013,"Other -- Mines, Constr, BldMt, Trans, Hotels, Bus Serv, Entertainment, Finance",.02481943
30/09/2013,"Consumer NonDurables -- Food, Tobacco, Textiles, Apparel, Leather, Toys",.036950152
30/09/2013,"Consumer Durables -- Cars, TV's, Furniture, Household Appliances",.093588918
30/09/2013,"Manufacturing -- Machinery, Trucks, Planes, Chemicals, Off Furn, Paper, Com Printing",.094733991
30/09/2013,"Oil, Gas, and Coal Extraction and Products",.080803968
30/09/2013,"Business Equipment -- Computers, Software, and Electronic Equipment",.14327376
30/09/2013,Telephone and Television Transmission,.065839134
30/09/2013,"Wholesale, Retail, and Some Services (Laundries, Repair Shops)",.055520877
30/09/2013,"Healthcare, Medical Equipment, and Drugs",.087434776
30/09/2013,Utilities,.043224219
30/09/2013,"Other -- Mines, Constr, BldMt, Trans, Hotels, Bus Serv, Entertainment, Finance",.081872314
31/12/2013,"Consumer NonDurables -- Food, Tobacco, Textiles, Apparel, Leather, Toys",.077871963
31/12/2013,"Consumer Durables -- Cars, TV's, Furniture, Household Appliances",.042955924
31/12/2013,"Manufacturing -- Machinery, Trucks, Planes, Chemicals, Off Furn, Paper, Com Printing",.11407776
31/12/2013,"Oil, Gas, and Coal Extraction and Products",.082301646
31/12/2013,"Business Equipment -- Computers, Software, and Electronic Equipment",.13860084
31/12/2013,Telephone and Television Transmission,.073902167
31/12/2013,"Wholesale, Retail, and Some Services (Laundries, Repair Shops)",.082177579
31/12/2013,"Healthcare, Medical Equipment, and Drugs",.10265239
31/12/2013,Utilities,.047374059
31/12/2013,"Other -- Mines, Constr, BldMt, Trans, Hotels, Bus Serv, Entertainment, Finance",.091951206
31/03/2014,"Consumer NonDurables -- Food, Tobacco, Textiles, Apparel, Leather, Toys",.010636853
31/03/2014,"Consumer Durables -- Cars, TV's, Furniture, Household Appliances",-.0023389796
31/03/2014,"Manufacturing -- Machinery, Trucks, Planes, Chemicals, Off Furn, Paper, Com Printing",.0032899436
31/03/2014,"Oil, Gas, and Coal Extraction and Products",.02389285
31/03/2014,"Business Equipment -- Computers, Software, and Electronic Equipment",.024294339
31/03/2014,Telephone and Television Transmission,-.012275768
31/03/2014,"Wholesale, Retail, and Some Services (Laundries, Repair Shops)",.0073652528
31/03/2014,"Healthcare, Medical Equipment, and Drugs",.067762658
31/03/2014,Utilities,.057855666
31/03/2014,"Other -- Mines, Constr, BldMt, Trans, Hotels, Bus Serv, Entertainment, Finance",.024507355
30/06/2014,"Consumer NonDurables -- Food, Tobacco, Textiles, Apparel, Leather, Toys",.073056288
30/06/2014,"Consumer Durables -- Cars, TV's, Furniture, Household Appliances",.038311075
30/06/2014,"Manufacturing -- Machinery, Trucks, Planes, Chemicals, Off Furn, Paper, Com Printing",.047238257
30/06/2014,"Oil, Gas, and Coal Extraction and Products",.12334602
30/06/2014,"Business Equipment -- Computers, Software, and Electronic Equipment",.06458886
30/06/2014,Telephone and Television Transmission,.067074306
30/06/2014,"Wholesale, Retail, and Some Services (Laundries, Repair Shops)",.025708243
30/06/2014,"Healthcare, Medical Equipment, and Drugs",.051534764
30/06/2014,Utilities,.10592347
30/06/2014,"Other -- Mines, Constr, BldMt, Trans, Hotels, Bus Serv, Entertainment, Finance",.043080337
30/09/2014,"Consumer NonDurables -- Food, Tobacco, Textiles, Apparel, Leather, Toys",-.0041882722
30/09/2014,"Consumer Durables -- Cars, TV's, Furniture, Household Appliances",-.027297169
30/09/2014,"Manufacturing -- Machinery, Trucks, Planes, Chemicals, Off Furn, Paper, Com Printing",-.009520499
30/09/2014,"Oil, Gas, and Coal Extraction and Products",-.084574066
30/09/2014,"Business Equipment -- Computers, Software, and Electronic Equipment",.038945328
30/09/2014,Telephone and Television Transmission,.029619915
30/09/2014,"Wholesale, Retail, and Some Services (Laundries, Repair Shops)",.031081308
30/09/2014,"Healthcare, Medical Equipment, and Drugs",.059901968
30/09/2014,Utilities,-.013371689
30/09/2014,"Other -- Mines, Constr, BldMt, Trans, Hotels, Bus Serv, Entertainment, Finance",-.0041432297
31/12/2014,"Consumer NonDurables -- Food, Tobacco, Textiles, Apparel, Leather, Toys",.031148907
31/12/2014,"Consumer Durables -- Cars, TV's, Furniture, Household Appliances",.073334314
31/12/2014,"Manufacturing -- Machinery, Trucks, Planes, Chemicals, Off Furn, Paper, Com Printing",.045425851
31/12/2014,"Oil, Gas, and Coal Extraction and Products",-.13340344
31/12/2014,"Business Equipment -- Computers, Software, and Electronic Equipment",.064014137
31/12/2014,Telephone and Television Transmission,.0007008072
31/12/2014,"Wholesale, Retail, and Some Services (Laundries, Repair Shops)",.11732865
31/12/2014,"Healthcare, Medical Equipment, and Drugs",.047991704
31/12/2014,Utilities,.056479622
31/12/2014,"Other -- Mines, Constr, BldMt, Trans, Hotels, Bus Serv, Entertainment, Finance",.0501335
31/03/2015,"Consumer NonDurables -- Food, Tobacco, Textiles, Apparel, Leather, Toys",.020095477
31/03/2015,"Consumer Durables -- Cars, TV's, Furniture, Household Appliances",.09050896
31/03/2015,"Manufacturing -- Machinery, Trucks, Planes, Chemicals, Off Furn, Paper, Com Printing",.010094929
31/03/2015,"Oil, Gas, and Coal Extraction and Products",-.017938035
31/03/2015,"Business Equipment -- Computers, Software, and Electronic Equipment",.033024002
31/03/2015,Telephone and Television Transmission,.044968832
31/03/2015,"Wholesale, Retail, and Some Services (Laundries, Repair Shops)",.052482702
31/03/2015,"Healthcare, Medical Equipment, and Drugs",.082256235
31/03/2015,Utilities,-.041137762
31/03/2015,"Other -- Mines, Constr, BldMt, Trans, Hotels, Bus Serv, Entertainment, Finance",.019678038
30/06/2015,"Consumer NonDurables -- Food, Tobacco, Textiles, Apparel, Leather, Toys",.021871587
30/06/2015,"Consumer Durables -- Cars, TV's, Furniture, Household Appliances",-.027308367
30/06/2015,"Manufacturing -- Machinery, Trucks, Planes, Chemicals, Off Furn, Paper, Com Printing",.00792298
30/06/2015,"Oil, Gas, and Coal Extraction and Products",-.0078691132
30/06/2015,"Business Equipment -- Computers, Software, and Electronic Equipment",.023172835
30/06/2015,Telephone and Television Transmission,.056696016
30/06/2015,"Wholesale, Retail, and Some Services (Laundries, Repair Shops)",-.020235503
30/06/2015,"Healthcare, Medical Equipment, and Drugs",.027749989
30/06/2015,Utilities,-.060293768
30/06/2015,"Other -- Mines, Constr, BldMt, Trans, Hotels, Bus Serv, Entertainment, Finance",.018884409
30/09/2015,"Consumer NonDurables -- Food, Tobacco, Textiles, Apparel, Leather, Toys",-.0047483305
30/09/2015,"Consumer Durables -- Cars, TV's, Furniture, Household Appliances",-.10775466
30/09/2015,"Manufacturing -- Machinery, Trucks, Planes, Chemicals, Off Furn, Paper, Com Printing",-.086939692
30/09/2015,"Oil, Gas, and Coal Extraction and Products",-.16266286
30/09/2015,"Business Equipment -- Computers, Software, and Electronic Equipment",-.052107062
30/09/2015,Telephone and Television Transmission,-.070341252
30/09/2015,"Wholesale, Retail, and Some Services (Laundries, Repair Shops)",-.03136776
30/09/2015,"Healthcare, Medical Equipment, and Drugs",-.089791887
30/09/2015,Utilities,-.022139043
30/09/2015,"Other -- Mines, Constr, BldMt, Trans, Hotels, Bus Serv, Entertainment, Finance",-.073916808
31/12/2015,"Consumer NonDurables -- Food, Tobacco, Textiles, Apparel, Leather, Toys",.067557514
31/12/2015,"Consumer Durables -- Cars, TV's, Furniture, Household Appliances",.066678859
31/12/2015,"Manufacturing -- Machinery, Trucks, Planes, Chemicals, Off Furn, Paper, Com Printing",.096030802
31/12/2015,"Oil, Gas, and Coal Extraction and Products",.026937604
31/12/2015,"Business Equipment -- Computers, Software, and Electronic Equipment",.13078445
31/12/2015,Telephone and Television Transmission,.036332894
31/12/2015,"Wholesale, Retail, and Some Services (Laundries, Repair Shops)",.051501233
31/12/2015,"Healthcare, Medical Equipment, and Drugs",.068572983
31/12/2015,Utilities,-.0041828677
31/12/2015,"Other -- Mines, Constr, BldMt, Trans, Hotels, Bus Serv, Entertainment, Finance",.042559281
31/03/2016,"Consumer NonDurables -- Food, Tobacco, Textiles, Apparel, Leather, Toys",.059967693
31/03/2016,"Consumer Durables -- Cars, TV's, Furniture, Household Appliances",-.014600887
31/03/2016,"Manufacturing -- Machinery, Trucks, Planes, Chemicals, Off Furn, Paper, Com Printing",.042053565
31/03/2016,"Oil, Gas, and Coal Extraction and Products",.058780473
31/03/2016,"Business Equipment -- Computers, Software, and Electronic Equipment",.011375801
31/03/2016,Telephone and Television Transmission,.067834482
31/03/2016,"Wholesale, Retail, and Some Services (Laundries, Repair Shops)",.056515437
31/03/2016,"Healthcare, Medical Equipment, and Drugs",-.062558629
31/03/2016,Utilities,.13312435
31/03/2016,"Other -- Mines, Constr, BldMt, Trans, Hotels, Bus Serv, Entertainment, Finance",-.0029572756
30/06/2016,"Consumer NonDurables -- Food, Tobacco, Textiles, Apparel, Leather, Toys",.063260093
30/06/2016,"Consumer Durables -- Cars, TV's, Furniture, Household Appliances",-.019605767
30/06/2016,"Manufacturing -- Machinery, Trucks, Planes, Chemicals, Off Furn, Paper, Com Printing",.03235798
30/06/2016,"Oil, Gas, and Coal Extraction and Products",.12842906
30/06/2016,"Business Equipment -- Computers, Software, and Electronic Equipment",.008345251
30/06/2016,Telephone and Television Transmission,.05033062
30/06/2016,"Wholesale, Retail, and Some Services (Laundries, Repair Shops)",.01900672
30/06/2016,"Healthcare, Medical Equipment, and Drugs",.075923495
30/06/2016,Utilities,.11868103
30/06/2016,"Other -- Mines, Constr, BldMt, Trans, Hotels, Bus Serv, Entertainment, Finance",.026811589
30/09/2016,"Consumer NonDurables -- Food, Tobacco, Textiles, Apparel, Leather, Toys",-.009270981
30/09/2016,"Consumer Durables -- Cars, TV's, Furniture, Household Appliances",.10954704
30/09/2016,"Manufacturing -- Machinery, Trucks, Planes, Chemicals, Off Furn, Paper, Com Printing",.057925008
30/09/2016,"Oil, Gas, and Coal Extraction and Products",.016898202
30/09/2016,"Business Equipment -- Computers, Software, and Electronic Equipment",.14578402
30/09/2016,Telephone and Television Transmission,-.00030058954
30/09/2016,"Wholesale, Retail, and Some Services (Laundries, Repair Shops)",.0064097503
30/09/2016,"Healthcare, Medical Equipment, and Drugs",.01658727
30/09/2016,Utilities,-.017910097
30/09/2016,"Other -- Mines, Constr, BldMt, Trans, Hotels, Bus Serv, Entertainment, Finance",.071951322
31/12/2016,"Consumer NonDurables -- Food, Tobacco, Textiles, Apparel, Leather, Toys",-.039345011
31/12/2016,"Consumer Durables -- Cars, TV's, Furniture, Household Appliances",.028344428
31/12/2016,"Manufacturing -- Machinery, Trucks, Planes, Chemicals, Off Furn, Paper, Com Printing",.048250165
31/12/2016,"Oil, Gas, and Coal Extraction and Products",.084936053
31/12/2016,"Business Equipment -- Computers, Software, and Electronic Equipment",.00037746519
31/12/2016,Telephone and Television Transmission,.0024029247
31/12/2016,"Wholesale, Retail, and Some Services (Laundries, Repair Shops)",.021409776
31/12/2016,"Healthcare, Medical Equipment, and Drugs",-.052024215
31/12/2016,Utilities,.0038282427
31/12/2016,"Other -- Mines, Constr, BldMt, Trans, Hotels, Bus Serv, Entertainment, Finance",.10166948
31/03/2017,"Consumer NonDurables -- Food, Tobacco, Textiles, Apparel, Leather, Toys",.09077587
31/03/2017,"Consumer Durables -- Cars, TV's, Furniture, Household Appliances",.023864105
31/03/2017,"Manufacturing -- Machinery, Trucks, Planes, Chemicals, Off Furn, Paper, Com Printing",.083832338
31/03/2017,"Oil, Gas, and Coal Extraction and Products",-.026660454
31/03/2017,"Business Equipment -- Computers, Software, and Electronic Equipment",.14239527
31/03/2017,Telephone and Television Transmission,.064147338
31/03/2017,"Wholesale, Retail, and Some Services (Laundries, Repair Shops)",.050601549
31/03/2017,"Healthcare, Medical Equipment, and Drugs",.08655677
31/03/2017,Utilities,.065521926
31/03/2017,"Other -- Mines, Constr, BldMt, Trans, Hotels, Bus Serv, Entertainment, Finance",.060816307
30/06/2017,"Consumer NonDurables -- Food, Tobacco, Textiles, Apparel, Leather, Toys",.032259181
30/06/2017,"Consumer Durables -- Cars, TV's, Furniture, Household Appliances",.015077812
30/06/2017,"Manufacturing -- Machinery, Trucks, Planes, Chemicals, Off Furn, Paper, Com Printing",.045144651
30/06/2017,"Oil, Gas, and Coal Extraction and Products",-.049707066
30/06/2017,"Business Equipment -- Computers, Software, and Electronic Equipment",.070669994
30/06/2017,Telephone and Television Transmission,-.0016090834
30/06/2017,"Wholesale, Retail, and Some Services (Laundries, Repair Shops)",.03588834
30/06/2017,"Healthcare, Medical Equipment, and Drugs",.082335792
30/06/2017,Utilities,-.0027298965
30/06/2017,"Other -- Mines, Constr, BldMt, Trans, Hotels, Bus Serv, Entertainment, Finance",.047314819
30/09/2017,"Consumer NonDurables -- Food, Tobacco, Textiles, Apparel, Leather, Toys",.024957318
30/09/2017,"Consumer Durables -- Cars, TV's, Furniture, Household Appliances",.070029706
30/09/2017,"Manufacturing -- Machinery, Trucks, Planes, Chemicals, Off Furn, Paper, Com Printing",.065319143
30/09/2017,"Oil, Gas, and Coal Extraction and Products",.10315174
30/09/2017,"Business Equipment -- Computers, Software, and Electronic Equipment",.088454172
30/09/2017,Telephone and Television Transmission,.024505697
30/09/2017,"Wholesale, Retail, and Some Services (Laundries, Repair Shops)",.029830335
30/09/2017,"Healthcare, Medical Equipment, and Drugs",.057271753
30/09/2017,Utilities,.031037979
30/09/2017,"Other -- Mines, Constr, BldMt, Trans, Hotels, Bus Serv, Entertainment, Finance",.054119427
31/12/2017,"Consumer NonDurables -- Food, Tobacco, Textiles, Apparel, Leather, Toys",.048113793
31/12/2017,"Consumer Durables -- Cars, TV's, Furniture, Household Appliances",.080104515
31/12/2017,"Manufacturing -- Machinery, Trucks, Planes, Chemicals, Off Furn, Paper, Com Printing",.059704009
31/12/2017,"Oil, Gas, and Coal Extraction and Products",.086235598
31/12/2017,"Business Equipment -- Computers, Software, and Electronic Equipment",.086476639
31/12/2017,Telephone and Television Transmission,.032354552
31/12/2017,"Wholesale, Retail, and Some Services (Laundries, Repair Shops)",.11633903
31/12/2017,"Healthcare, Medical Equipment, and Drugs",.010220552
31/12/2017,Utilities,.0050517861
31/12/2017,"Other -- Mines, Constr, BldMt, Trans, Hotels, Bus Serv, Entertainment, Finance",.071142755
31/03/2018,"Consumer NonDurables -- Food, Tobacco, Textiles, Apparel, Leather, Toys",-.034349762
31/03/2018,"Consumer Durables -- Cars, TV's, Furniture, Household Appliances",-.013255266
31/03/2018,"Manufacturing -- Machinery, Trucks, Planes, Chemicals, Off Furn, Paper, Com Printing",-.027521595
31/03/2018,"Oil, Gas, and Coal Extraction and Products",-.011515857
31/03/2018,"Business Equipment -- Computers, Software, and Electronic Equipment",.064019285
31/03/2018,Telephone and Television Transmission,-.057407156
31/03/2018,"Wholesale, Retail, and Some Services (Laundries, Repair Shops)",-.029675294
31/03/2018,"Healthcare, Medical Equipment, and Drugs",.016613765
31/03/2018,Utilities,-.04217295
31/03/2018,"Other -- Mines, Constr, BldMt, Trans, Hotels, Bus Serv, Entertainment, Finance",-.00084833248
30/06/2018,"Consumer NonDurables -- Food, Tobacco, Textiles, Apparel, Leather, Toys",-.017542824
30/06/2018,"Consumer Durables -- Cars, TV's, Furniture, Household Appliances",-.0035146505
30/06/2018,"Manufacturing -- Machinery, Trucks, Planes, Chemicals, Off Furn, Paper, Com Printing",-.0042137839
30/06/2018,"Oil, Gas, and Coal Extraction and Products",.12051983
30/06/2018,"Business Equipment -- Computers, Software, and Electronic Equipment",.07538417
30/06/2018,Telephone and Television Transmission,-.0034635437
30/06/2018,"Wholesale, Retail, and Some Services (Laundries, Repair Shops)",.033988047
30/06/2018,"Healthcare, Medical Equipment, and Drugs",.055159938
30/06/2018,Utilities,.046967845
30/06/2018,"Other -- Mines, Constr, BldMt, Trans, Hotels, Bus Serv, Entertainment, Finance",.023377996
30/09/2018,"Consumer NonDurables -- Food, Tobacco, Textiles, Apparel, Leather, Toys",.008624237
30/09/2018,"Consumer Durables -- Cars, TV's, Furniture, Household Appliances",.022670098
30/09/2018,"Manufacturing -- Machinery, Trucks, Planes, Chemicals, Off Furn, Paper, Com Printing",.066267774
30/09/2018,"Oil, Gas, and Coal Extraction and Products",.033766892
30/09/2018,"Business Equipment -- Computers, Software, and Electronic Equipment",.10346884
30/09/2018,Telephone and Television Transmission,.065455876
30/09/2018,"Wholesale, Retail, and Some Services (Laundries, Repair Shops)",.10703589
30/09/2018,"Healthcare, Medical Equipment, and Drugs",.13883087
30/09/2018,Utilities,.017078172
30/09/2018,"Other -- Mines, Constr, BldMt, Trans, Hotels, Bus Serv, Entertainment, Finance",.0368491
31/12/2018,"Consumer NonDurables -- Food, Tobacco, Textiles, Apparel, Leather, Toys",-.086291045
31/12/2018,"Consumer Durables -- Cars, TV's, Furniture, Household Appliances",-.15141888
31/12/2018,"Manufacturing -- Machinery, Trucks, Planes, Chemicals, Off Furn, Paper, Com Printing",-.12977776
31/12/2018,"Oil, Gas, and Coal Extraction and Products",-.21056473
31/12/2018,"Business Equipment -- Computers, Software, and Electronic Equipment",-.16819149
31/12/2018,Telephone and Television Transmission,-.05158291
31/12/2018,"Wholesale, Retail, and Some Services (Laundries, Repair Shops)",-.090953425
31/12/2018,"Healthcare, Medical Equipment, and Drugs",-.075116478
31/12/2018,Utilities,.0062787035
31/12/2018,"Other -- Mines, Constr, BldMt, Trans, Hotels, Bus Serv, Entertainment, Finance",-.11231145
31/03/2019,"Consumer NonDurables -- Food, Tobacco, Textiles, Apparel, Leather, Toys",.16165411
31/03/2019,"Consumer Durables -- Cars, TV's, Furniture, Household Appliances",.10052892
31/03/2019,"Manufacturing -- Machinery, Trucks, Planes, Chemicals, Off Furn, Paper, Com Printing",.16775385
31/03/2019,"Oil, Gas, and Coal Extraction and Products",.15181126
31/03/2019,"Business Equipment -- Computers, Software, and Electronic Equipment",.20484014
31/03/2019,Telephone and Television Transmission,.10457346
31/03/2019,"Wholesale, Retail, and Some Services (Laundries, Repair Shops)",.11835104
31/03/2019,"Healthcare, Medical Equipment, and Drugs",.097750492
31/03/2019,Utilities,.14161502
31/03/2019,"Other -- Mines, Constr, BldMt, Trans, Hotels, Bus Serv, Entertainment, Finance",.13760863
30/06/2019,"Consumer NonDurables -- Food, Tobacco, Textiles, Apparel, Leather, Toys",.046380769
30/06/2019,"Consumer Durables -- Cars, TV's, Furniture, Household Appliances",.077051938
30/06/2019,"Manufacturing -- Machinery, Trucks, Planes, Chemicals, Off Furn, Paper, Com Printing",.046887156
30/06/2019,"Oil, Gas, and Coal Extraction and Products",-.028117647
30/06/2019,"Business Equipment -- Computers, Software, and Electronic Equipment",.048654165
30/06/2019,Telephone and Television Transmission,.057076871
30/06/2019,"Wholesale, Retail, and Some Services (Laundries, Repair Shops)",.044988312
30/06/2019,"Healthcare, Medical Equipment, and Drugs",.012555079
30/06/2019,Utilities,.033573929
30/06/2019,"Other -- Mines, Constr, BldMt, Trans, Hotels, Bus Serv, Entertainment, Finance",.050708201
30/09/2019,"Consumer NonDurables -- Food, Tobacco, Textiles, Apparel, Leather, Toys",.03195801
30/09/2019,"Consumer Durables -- Cars, TV's, Furniture, Household Appliances",.027748724
30/09/2019,"Manufacturing -- Machinery, Trucks, Planes, Chemicals, Off Furn, Paper, Com Printing",.017348552
30/09/2019,"Oil, Gas, and Coal Extraction and Products",-.065411568
30/09/2019,"Business Equipment -- Computers, Software, and Electronic Equipment",.028433945
30/09/2019,Telephone and Television Transmission,.032514498
30/09/2019,"Wholesale, Retail, and Some Services (Laundries, Repair Shops)",.044871293
30/09/2019,"Healthcare, Medical Equipment, and Drugs",.0080379313
30/09/2019,Utilities,.063312948
30/09/2019,"Other -- Mines, Constr, BldMt, Trans, Hotels, Bus Serv, Entertainment, Finance",-.0014784284
31/12/2019,"Consumer NonDurables -- Food, Tobacco, Textiles, Apparel, Leather, Toys",.036875241
31/12/2019,"Consumer Durables -- Cars, TV's, Furniture, Household Appliances",.076455235
31/12/2019,"Manufacturing -- Machinery, Trucks, Planes, Chemicals, Off Furn, Paper, Com Printing",.069538206
31/12/2019,"Oil, Gas, and Coal Extraction and Products",.063569158
31/12/2019,"Business Equipment -- Computers, Software, and Electronic Equipment",.14442933
31/12/2019,Telephone and Television Transmission,.050506353
31/12/2019,"Wholesale, Retail, and Some Services (Laundries, Repair Shops)",.060431723
31/12/2019,"Healthcare, Medical Equipment, and Drugs",.13542321
31/12/2019,Utilities,.026176641
31/12/2019,"Other -- Mines, Constr, BldMt, Trans, Hotels, Bus Serv, Entertainment, Finance",.10754936
31/03/2020,"Consumer NonDurables -- Food, Tobacco, Textiles, Apparel, Leather, Toys",-.19460991
31/03/2020,"Consumer Durables -- Cars, TV's, Furniture, Household Appliances",-.2616024
31/03/2020,"Manufacturing -- Machinery, Trucks, Planes, Chemicals, Off Furn, Paper, Com Printing",-.24443574
31/03/2020,"Oil, Gas, and Coal Extraction and Products",-.46356854
31/03/2020,"Business Equipment -- Computers, Software, and Electronic Equipment",-.098535314
31/03/2020,Telephone and Television Transmission,-.17039804
31/03/2020,"Wholesale, Retail, and Some Services (Laundries, Repair Shops)",-.19177084
31/03/2020,"Healthcare, Medical Equipment, and Drugs",-.10986898
31/03/2020,Utilities,-.17580533
31/03/2020,"Other -- Mines, Constr, BldMt, Trans, Hotels, Bus Serv, Entertainment, Finance",-.19752878
30/06/2020,"Consumer NonDurables -- Food, Tobacco, Textiles, Apparel, Leather, Toys",.12463887
30/06/2020,"Consumer Durables -- Cars, TV's, Furniture, Household Appliances",.20555267
30/06/2020,"Manufacturing -- Machinery, Trucks, Planes, Chemicals, Off Furn, Paper, Com Printing",.23381849
30/06/2020,"Oil, Gas, and Coal Extraction and Products",.28835034
30/06/2020,"Business Equipment -- Computers, Software, and Electronic Equipment",.3134594
30/06/2020,Telephone and Television Transmission,.16652693
30/06/2020,"Wholesale, Retail, and Some Services (Laundries, Repair Shops)",.25331911
30/06/2020,"Healthcare, Medical Equipment, and Drugs",.178102
30/06/2020,Utilities,.074752949
30/06/2020,"Other -- Mines, Constr, BldMt, Trans, Hotels, Bus Serv, Entertainment, Finance",.29369178
30/09/2020,"Consumer NonDurables -- Food, Tobacco, Textiles, Apparel, Leather, Toys",.088222019
30/09/2020,"Consumer Durables -- Cars, TV's, Furniture, Household Appliances",.10405701
30/09/2020,"Manufacturing -- Machinery, Trucks, Planes, Chemicals, Off Furn, Paper, Com Printing",.11547099
30/09/2020,"Oil, Gas, and Coal Extraction and Products",-.1666604
30/09/2020,"Business Equipment -- Computers, Software, and Electronic Equipment",.13576344
30/09/2020,Telephone and Television Transmission,.060808957
30/09/2020,"Wholesale, Retail, and Some Services (Laundries, Repair Shops)",.14161828
30/09/2020,"Healthcare, Medical Equipment, and Drugs",.049676184
30/09/2020,Utilities,.044279922
30/09/2020,"Other -- Mines, Constr, BldMt, Trans, Hotels, Bus Serv, Entertainment, Finance",.11875535
31/12/2020,"Consumer NonDurables -- Food, Tobacco, Textiles, Apparel, Leather, Toys",.15009353
31/12/2020,"Consumer Durables -- Cars, TV's, Furniture, Household Appliances",.25834501
31/12/2020,"Manufacturing -- Machinery, Trucks, Planes, Chemicals, Off Furn, Paper, Com Printing",.21169712
31/12/2020,"Oil, Gas, and Coal Extraction and Products",.31718415
31/12/2020,"Business Equipment -- Computers, Software, and Electronic Equipment",.13491207
31/12/2020,Telephone and Television Transmission,.147268
31/12/2020,"Wholesale, Retail, and Some Services (Laundries, Repair Shops)",.11129905
31/12/2020,"Healthcare, Medical Equipment, and Drugs",.097324803
31/12/2020,Utilities,.11874259
31/12/2020,"Other -- Mines, Constr, BldMt, Trans, Hotels, Bus Serv, Entertainment, Finance",.2365821
